{"_timestamp":1.7525246009274166e+09,"_step":1,"train/loss":1.2856290340423584,"train/lr(1e-3)":0.005,"_wandb":{"runtime":108},"_runtime":108.012781896}