{"_timestamp":1.75252349725021e+09,"_step":116,"val/loss":1.0211857557296753,"_wandb":{"runtime":1634},"_runtime":1634.555745835,"train/loss":0.5824703574180603,"train/lr(1e-3)":0}