{"val/loss":1.054813265800476,"_wandb":{"runtime":1604},"_runtime":1604.320998622,"_timestamp":1.7525286011408684e+09,"_step":56,"train/loss":0.726990282535553,"train/lr(1e-3)":0}