{"_step":1,"_wandb":{"runtime":55},"_runtime":55.282648664,"train/loss":1.336591362953186,"train/lr(1e-3)":0.0020000000000000005,"_timestamp":1.7525247574411063e+09}